Total,Big Plates,Small Plates
120.3,` 22.6 20.0                    ,1.25 1.25
121.9,` 22.6 20.0                    ,2.2 1.1
122.2,` 22.6 20.0                    ,2.2 1.25
122.5,` 22.6 20.0                    ,1.25 1.25 1.1
124.3,` 22.6 20.0                    ,4.5
124.4,` 22.6 20.0                    ,2.2 1.25 1.1
124.7,` 22.6 20.0                    ,2.2 1.25 1.25
125.3,` 22.6 20.0                    ,5.0
126.5,` 22.6 20.0                    ,4.5 1.1
126.8,` 22.6 20.0                    ,4.5 1.25
126.9,` 22.6 20.0                    ,2.2 1.25 1.25 1.1
127.5,` 22.6 20.0                    ,5.0 1.1
127.8,` 22.6 20.0                    ,5.0 1.25
128.7,` 22.6 20.0                    ,4.5 2.2
129.0,` 22.6 20.0                    ,4.5 1.25 1.1
129.3,` 22.6 20.0                    ,4.5 1.25 1.25
129.7,` 22.6 20.0                    ,5.0 2.2
130.0,` 22.6 20.0                    ,5.0 1.25 1.1
130.3,` 22.6 20.0                    ,5.0 1.25 1.25
130.9,` 22.6 20.0                    ,4.5 2.2 1.1
131.2,` 22.6 20.0                    ,4.5 2.2 1.25
131.5,` 22.6 20.0                    ,4.5 1.25 1.25 1.1
131.9,` 22.6 20.0                    ,5.0 2.2 1.1
132.2,` 22.6 20.0                    ,5.0 2.2 1.25
132.5,` 22.6 20.0                    ,5.0 1.25 1.25 1.1
133.4,` 22.6 20.0                    ,4.5 2.2 1.25 1.1
133.7,` 22.6 20.0                    ,4.5 2.2 1.25 1.25
134.3,` 22.6 20.0                    ,5.0 4.5
134.4,` 22.6 20.0                    ,5.0 2.2 1.25 1.1
134.7,` 22.6 20.0                    ,5.0 2.2 1.25 1.25
135.3,` 22.6 20.0                10.0,
135.9,` 22.6 20.0                    ,4.5 2.2 1.25 1.25 1.1
136.5,` 22.6 20.0                    ,5.0 4.5 1.1
136.8,` 22.6 20.0                    ,5.0 4.5 1.25
136.9,` 22.6 20.0                    ,5.0 2.2 1.25 1.25 1.1
137.5,` 22.6 20.0                10.0,1.1
137.8,` 22.6 20.0                10.0,1.25
137.9,` 22.6 20.0           11.3     ,
138.7,` 22.6 20.0                    ,5.0 4.5 2.2
139.0,` 22.6 20.0                    ,5.0 4.5 1.25 1.1
139.3,` 22.6 20.0                    ,5.0 4.5 1.25 1.25
139.7,` 22.6 20.0                10.0,2.2
140.0,` 22.6 20.0                10.0,1.25 1.1
140.1,` 22.6 20.0           11.3     ,1.1
140.3,` 22.6 20.0                10.0,1.25 1.25
140.4,` 22.6 20.0           11.3     ,1.25
140.9,` 22.6 20.0                    ,5.0 4.5 2.2 1.1
141.2,` 22.6 20.0                    ,5.0 4.5 2.2 1.25
141.5,` 22.6 20.0                    ,5.0 4.5 1.25 1.25 1.1
141.9,` 22.6 20.0                10.0,2.2 1.1
142.2,` 22.6 20.0                10.0,2.2 1.25
142.3,` 22.6 20.0           11.3     ,2.2
142.5,` 22.6 20.0                10.0,1.25 1.25 1.1
142.6,` 22.6 20.0           11.3     ,1.25 1.1
142.9,` 22.6 20.0           11.3     ,1.25 1.25
143.4,` 22.6 20.0                    ,5.0 4.5 2.2 1.25 1.1
143.7,` 22.6 20.0                    ,5.0 4.5 2.2 1.25 1.25
144.3,` 22.6 20.0                10.0,4.5
144.4,` 22.6 20.0                10.0,2.2 1.25 1.1
144.5,` 22.6 20.0           11.3     ,2.2 1.1
144.7,` 22.6 20.0                10.0,2.2 1.25 1.25
144.8,` 22.6 20.0           11.3     ,2.2 1.25
145.1,` 22.6 20.0           11.3     ,1.25 1.25 1.1
145.3,` 22.6 20.0                10.0,5.0
145.3,` 22.6 20.0      15.0          ,
145.9,` 22.6 20.0                    ,5.0 4.5 2.2 1.25 1.25 1.1
146.5,` 22.6 20.0                10.0,4.5 1.1
146.8,` 22.6 20.0                10.0,4.5 1.25
146.9,` 22.6 20.0                10.0,2.2 1.25 1.25 1.1
146.9,` 22.6 20.0           11.3     ,4.5
147.0,` 22.6 20.0           11.3     ,2.2 1.25 1.1
147.1,` 22.6 20.0 15.9               ,
147.3,` 22.6 20.0           11.3     ,2.2 1.25 1.25
147.5,` 22.6 20.0                10.0,5.0 1.1
147.5,` 22.6 20.0      15.0          ,1.1
147.8,` 22.6 20.0                10.0,5.0 1.25
147.8,` 22.6 20.0      15.0          ,1.25
147.9,` 22.6 20.0           11.3     ,5.0
148.7,` 22.6 20.0                10.0,4.5 2.2
149.0,` 22.6 20.0                10.0,4.5 1.25 1.1
149.1,` 22.6 20.0           11.3     ,4.5 1.1
149.3,` 22.6 20.0                10.0,4.5 1.25 1.25
149.3,` 22.6 20.0 15.9               ,1.1
149.4,` 22.6 20.0           11.3     ,4.5 1.25
149.5,` 22.6 20.0           11.3     ,2.2 1.25 1.25 1.1
149.6,` 22.6 20.0 15.9               ,1.25
149.7,` 22.6 20.0                10.0,5.0 2.2
149.7,` 22.6 20.0      15.0          ,2.2
150.0,` 22.6 20.0                10.0,5.0 1.25 1.1
150.0,` 22.6 20.0      15.0          ,1.25 1.1
150.1,` 22.6 20.0           11.3     ,5.0 1.1
150.3,` 22.6 20.0                10.0,5.0 1.25 1.25
150.3,` 22.6 20.0      15.0          ,1.25 1.25
150.4,` 22.6 20.0           11.3     ,5.0 1.25
150.9,` 22.6 20.0                10.0,4.5 2.2 1.1
151.2,` 22.6 20.0                10.0,4.5 2.2 1.25
151.3,` 22.6 20.0           11.3     ,4.5 2.2
151.5,` 22.6 20.0                10.0,4.5 1.25 1.25 1.1
151.5,` 22.6 20.0 15.9               ,2.2
151.6,` 22.6 20.0           11.3     ,4.5 1.25 1.1
151.8,` 22.6 20.0 15.9               ,1.25 1.1
151.9,` 22.6 20.0                10.0,5.0 2.2 1.1
151.9,` 22.6 20.0           11.3     ,4.5 1.25 1.25
151.9,` 22.6 20.0      15.0          ,2.2 1.1
152.1,` 22.6 20.0 15.9               ,1.25 1.25
152.2,` 22.6 20.0                10.0,5.0 2.2 1.25
152.2,` 22.6 20.0      15.0          ,2.2 1.25
152.3,` 22.6 20.0           11.3     ,5.0 2.2
152.5,` 22.6 20.0                10.0,5.0 1.25 1.25 1.1
152.5,` 22.6 20.0      15.0          ,1.25 1.25 1.1
152.6,` 22.6 20.0           11.3     ,5.0 1.25 1.1
152.9,` 22.6 20.0           11.3     ,5.0 1.25 1.25
153.4,` 22.6 20.0                10.0,4.5 2.2 1.25 1.1
153.5,` 22.6 20.0           11.3     ,4.5 2.2 1.1
153.7,` 22.6 20.0                10.0,4.5 2.2 1.25 1.25
153.7,` 22.6 20.0 15.9               ,2.2 1.1
153.8,` 22.6 20.0           11.3     ,4.5 2.2 1.25
154.0,` 22.6 20.0 15.9               ,2.2 1.25
154.1,` 22.6 20.0           11.3     ,4.5 1.25 1.25 1.1
154.3,` 22.6 20.0                10.0,5.0 4.5
154.3,` 22.6 20.0      15.0          ,4.5
154.3,` 22.6 20.0 15.9               ,1.25 1.25 1.1
154.4,` 22.6 20.0                10.0,5.0 2.2 1.25 1.1
154.4,` 22.6 20.0      15.0          ,2.2 1.25 1.1
154.5,` 22.6 20.0           11.3     ,5.0 2.2 1.1
154.7,` 22.6 20.0                10.0,5.0 2.2 1.25 1.25
154.7,` 22.6 20.0      15.0          ,2.2 1.25 1.25
154.8,` 22.6 20.0           11.3     ,5.0 2.2 1.25
155.1,` 22.6 20.0           11.3     ,5.0 1.25 1.25 1.1
155.3,` 22.6 20.0                10.0 10.0,
155.3,` 22.6 20.0      15.0          ,5.0
155.9,` 22.6 20.0                10.0,4.5 2.2 1.25 1.25 1.1
156.0,` 22.6 20.0           11.3     ,4.5 2.2 1.25 1.1
156.1,` 22.6 20.0 15.9               ,4.5
156.2,` 22.6 20.0 15.9               ,2.2 1.25 1.1
156.3,` 22.6 20.0           11.3     ,4.5 2.2 1.25 1.25
156.5,` 22.6 20.0                10.0,5.0 4.5 1.1
156.5,` 22.6 20.0      15.0          ,4.5 1.1
156.5,` 22.6 20.0 15.9               ,2.2 1.25 1.25
156.8,` 22.6 20.0                10.0,5.0 4.5 1.25
156.8,` 22.6 20.0      15.0          ,4.5 1.25
156.9,` 22.6 20.0                10.0,5.0 2.2 1.25 1.25 1.1
156.9,` 22.6 20.0           11.3     ,5.0 4.5
156.9,` 22.6 20.0      15.0          ,2.2 1.25 1.25 1.1
157.0,` 22.6 20.0           11.3     ,5.0 2.2 1.25 1.1
157.1,` 22.6 20.0 15.9               ,5.0
157.3,` 22.6 20.0           11.3     ,5.0 2.2 1.25 1.25
157.5,` 22.6 20.0                10.0 10.0,1.1
157.5,` 22.6 20.0      15.0          ,5.0 1.1
157.8,` 22.6 20.0                10.0 10.0,1.25
157.8,` 22.6 20.0      15.0          ,5.0 1.25
157.9,` 22.6 20.0           11.3 10.0,
158.3,` 22.6 20.0 15.9               ,4.5 1.1
158.5,` 22.6 20.0           11.3     ,4.5 2.2 1.25 1.25 1.1
158.6,` 22.6 20.0 15.9               ,4.5 1.25
158.7,` 22.6 20.0                10.0,5.0 4.5 2.2
158.7,` 22.6 20.0      15.0          ,4.5 2.2
158.7,` 22.6 20.0 15.9               ,2.2 1.25 1.25 1.1
159.0,` 22.6 20.0                10.0,5.0 4.5 1.25 1.1
159.0,` 22.6 20.0      15.0          ,4.5 1.25 1.1
159.1,` 22.6 20.0           11.3     ,5.0 4.5 1.1
159.3,` 22.6 20.0                10.0,5.0 4.5 1.25 1.25
159.3,` 22.6 20.0      15.0          ,4.5 1.25 1.25
159.3,` 22.6 20.0 15.9               ,5.0 1.1
159.4,` 22.6 20.0           11.3     ,5.0 4.5 1.25
159.5,` 22.6 20.0           11.3     ,5.0 2.2 1.25 1.25 1.1
159.6,` 22.6 20.0 15.9               ,5.0 1.25
159.7,` 22.6 20.0                10.0 10.0,2.2
159.7,` 22.6 20.0      15.0          ,5.0 2.2
160.0,` 22.6 20.0                10.0 10.0,1.25 1.1
160.0,` 22.6 20.0      15.0          ,5.0 1.25 1.1
160.1,` 22.6 20.0           11.3 10.0,1.1
160.3,` 22.6 20.0                10.0 10.0,1.25 1.25
160.3,` 22.6 20.0      15.0          ,5.0 1.25 1.25
160.4,` 22.6 20.0           11.3 10.0,1.25
160.5,` 22.6 20.0 15.9               ,4.5 2.2
160.8,` 22.6 20.0 15.9               ,4.5 1.25 1.1
160.9,` 22.6 20.0                10.0,5.0 4.5 2.2 1.1
160.9,` 22.6 20.0      15.0          ,4.5 2.2 1.1
161.1,` 22.6 20.0 15.9               ,4.5 1.25 1.25
161.2,` 22.6 20.0                10.0,5.0 4.5 2.2 1.25
161.2,` 22.6 20.0      15.0          ,4.5 2.2 1.25
161.3,` 22.6 20.0           11.3     ,5.0 4.5 2.2
161.5,` 22.6 20.0                10.0,5.0 4.5 1.25 1.25 1.1
161.5,` 22.6 20.0      15.0          ,4.5 1.25 1.25 1.1
161.5,` 22.6 20.0 15.9               ,5.0 2.2
161.6,` 22.6 20.0           11.3     ,5.0 4.5 1.25 1.1
161.8,` 22.6 20.0 15.9               ,5.0 1.25 1.1
161.9,` 22.6 20.0                10.0 10.0,2.2 1.1
161.9,` 22.6 20.0           11.3     ,5.0 4.5 1.25 1.25
161.9,` 22.6 20.0      15.0          ,5.0 2.2 1.1
162.1,` 22.6 20.0 15.9               ,5.0 1.25 1.25
162.2,` 22.6 20.0                10.0 10.0,2.2 1.25
162.2,` 22.6 20.0      15.0          ,5.0 2.2 1.25
162.3,` 22.6 20.0           11.3 10.0,2.2
162.5,` 22.6 20.0                10.0 10.0,1.25 1.25 1.1
162.5,` 22.6 20.0      15.0          ,5.0 1.25 1.25 1.1
162.6,` 22.6 20.0           11.3 10.0,1.25 1.1
162.7,` 22.6 20.0 15.9               ,4.5 2.2 1.1
162.9,` 22.6 20.0           11.3 10.0,1.25 1.25
163.0,` 22.6 20.0 15.9               ,4.5 2.2 1.25
163.3,` 22.6 20.0 15.9               ,4.5 1.25 1.25 1.1
163.4,` 22.6 20.0                10.0,5.0 4.5 2.2 1.25 1.1
163.4,` 22.6 20.0      15.0          ,4.5 2.2 1.25 1.1
163.5,` 22.6 20.0           11.3     ,5.0 4.5 2.2 1.1
163.7,` 22.6 20.0                10.0,5.0 4.5 2.2 1.25 1.25
163.7,` 22.6 20.0      15.0          ,4.5 2.2 1.25 1.25
163.7,` 22.6 20.0 15.9               ,5.0 2.2 1.1
163.8,` 22.6 20.0           11.3     ,5.0 4.5 2.2 1.25
164.0,` 22.6 20.0 15.9               ,5.0 2.2 1.25
164.1,` 22.6 20.0           11.3     ,5.0 4.5 1.25 1.25 1.1
164.3,` 22.6 20.0                10.0 10.0,4.5
164.3,` 22.6 20.0      15.0          ,5.0 4.5
164.3,` 22.6 20.0 15.9               ,5.0 1.25 1.25 1.1
164.4,` 22.6 20.0                10.0 10.0,2.2 1.25 1.1
164.4,` 22.6 20.0      15.0          ,5.0 2.2 1.25 1.1
164.5,` 22.6 20.0           11.3 10.0,2.2 1.1
164.7,` 22.6 20.0                10.0 10.0,2.2 1.25 1.25
164.7,` 22.6 20.0      15.0          ,5.0 2.2 1.25 1.25
164.8,` 22.6 20.0           11.3 10.0,2.2 1.25
165.1,` 22.6 20.0           11.3 10.0,1.25 1.25 1.1
165.2,` 22.6 20.0 15.9               ,4.5 2.2 1.25 1.1
165.3,` 22.6 20.0      15.0      10.0,
165.5,` 22.6 20.0 15.9               ,4.5 2.2 1.25 1.25
165.9,` 22.6 20.0                10.0,5.0 4.5 2.2 1.25 1.25 1.1
165.9,` 22.6 20.0      15.0          ,4.5 2.2 1.25 1.25 1.1
166.0,` 22.6 20.0           11.3     ,5.0 4.5 2.2 1.25 1.1
166.1,` 22.6 20.0 15.9               ,5.0 4.5
166.2,` 22.6 20.0 15.9               ,5.0 2.2 1.25 1.1
166.3,` 22.6 20.0           11.3     ,5.0 4.5 2.2 1.25 1.25
166.5,` 22.6 20.0                10.0 10.0,4.5 1.1
166.5,` 22.6 20.0      15.0          ,5.0 4.5 1.1
166.5,` 22.6 20.0 15.9               ,5.0 2.2 1.25 1.25
166.8,` 22.6 20.0                10.0 10.0,4.5 1.25
166.8,` 22.6 20.0      15.0          ,5.0 4.5 1.25
166.9,` 22.6 20.0                10.0 10.0,2.2 1.25 1.25 1.1
166.9,` 22.6 20.0           11.3 10.0,4.5
166.9,` 22.6 20.0      15.0          ,5.0 2.2 1.25 1.25 1.1
167.0,` 22.6 20.0           11.3 10.0,2.2 1.25 1.1
167.1,` 22.6 20.0 15.9           10.0,
167.3,` 22.6 20.0           11.3 10.0,2.2 1.25 1.25
167.5,` 22.6 20.0      15.0      10.0,1.1
167.7,` 22.6 20.0 15.9               ,4.5 2.2 1.25 1.25 1.1
167.8,` 22.6 20.0      15.0      10.0,1.25
167.9,` 22.6 20.0           11.3 10.0,5.0
167.9,` 22.6 20.0      15.0 11.3     ,
168.3,` 22.6 20.0 15.9               ,5.0 4.5 1.1
168.5,` 22.6 20.0           11.3     ,5.0 4.5 2.2 1.25 1.25 1.1
168.6,` 22.6 20.0 15.9               ,5.0 4.5 1.25
168.7,` 22.6 20.0                10.0 10.0,4.5 2.2
168.7,` 22.6 20.0      15.0          ,5.0 4.5 2.2
168.7,` 22.6 20.0 15.9               ,5.0 2.2 1.25 1.25 1.1
169.0,` 22.6 20.0                10.0 10.0,4.5 1.25 1.1
169.0,` 22.6 20.0      15.0          ,5.0 4.5 1.25 1.1
169.1,` 22.6 20.0           11.3 10.0,4.5 1.1
169.3,` 22.6 20.0                10.0 10.0,4.5 1.25 1.25
169.3,` 22.6 20.0      15.0          ,5.0 4.5 1.25 1.25
169.3,` 22.6 20.0 15.9           10.0,1.1
169.4,` 22.6 20.0           11.3 10.0,4.5 1.25
169.5,` 22.6 20.0           11.3 10.0,2.2 1.25 1.25 1.1
169.6,` 22.6 20.0 15.9           10.0,1.25
169.7,` 22.6 20.0      15.0      10.0,2.2
169.7,` 22.6 20.0 15.9      11.3     ,
170.0,` 22.6 20.0      15.0      10.0,1.25 1.1
170.1,` 22.6 20.0           11.3 10.0,5.0 1.1
170.1,` 22.6 20.0      15.0 11.3     ,1.1
170.3,` 22.6 20.0      15.0      10.0,1.25 1.25
170.4,` 22.6 20.0           11.3 10.0,5.0 1.25
170.4,` 22.6 20.0      15.0 11.3     ,1.25
170.5,` 22.6 20.0 15.9               ,5.0 4.5 2.2
170.8,` 22.6 20.0 15.9               ,5.0 4.5 1.25 1.1
170.9,` 22.6 20.0                10.0 10.0,4.5 2.2 1.1
170.9,` 22.6 20.0      15.0          ,5.0 4.5 2.2 1.1
171.1,` 22.6 20.0 15.9               ,5.0 4.5 1.25 1.25
171.2,` 22.6 20.0                10.0 10.0,4.5 2.2 1.25
171.2,` 22.6 20.0      15.0          ,5.0 4.5 2.2 1.25
171.3,` 22.6 20.0           11.3 10.0,4.5 2.2
171.5,` 22.6 20.0                10.0 10.0,4.5 1.25 1.25 1.1
171.5,` 22.6 20.0      15.0          ,5.0 4.5 1.25 1.25 1.1
171.5,` 22.6 20.0 15.9           10.0,2.2
171.6,` 22.6 20.0           11.3 10.0,4.5 1.25 1.1
171.8,` 22.6 20.0 15.9           10.0,1.25 1.1
171.9,` 22.6 20.0           11.3 10.0,4.5 1.25 1.25
171.9,` 22.6 20.0      15.0      10.0,2.2 1.1
171.9,` 22.6 20.0 15.9      11.3     ,1.1
172.1,` 22.6 20.0 15.9           10.0,1.25 1.25
172.2,` 22.6 20.0      15.0      10.0,2.2 1.25
172.2,` 22.6 20.0 15.9      11.3     ,1.25
172.3,` 22.6 20.0           11.3 10.0,5.0 2.2
172.3,` 22.6 20.0      15.0 11.3     ,2.2
172.5,` 22.6 20.0      15.0      10.0,1.25 1.25 1.1
172.6,` 22.6 20.0           11.3 10.0,5.0 1.25 1.1
172.6,` 22.6 20.0      15.0 11.3     ,1.25 1.1
172.7,` 22.6 20.0 15.9               ,5.0 4.5 2.2 1.1
172.9,` 22.6 20.0           11.3 10.0,5.0 1.25 1.25
172.9,` 22.6 20.0      15.0 11.3     ,1.25 1.25
173.0,` 22.6 20.0 15.9               ,5.0 4.5 2.2 1.25
173.3,` 22.6 20.0 15.9               ,5.0 4.5 1.25 1.25 1.1
173.4,` 22.6 20.0      15.0          ,5.0 4.5 2.2 1.25 1.1
173.5,` 22.6 20.0           11.3 10.0,4.5 2.2 1.1
173.7,` 22.6 20.0                10.0 10.0,4.5 2.2 1.25 1.25
173.7,` 22.6 20.0      15.0          ,5.0 4.5 2.2 1.25 1.25
173.7,` 22.6 20.0 15.9           10.0,2.2 1.1
173.8,` 22.6 20.0           11.3 10.0,4.5 2.2 1.25
174.0,` 22.6 20.0 15.9           10.0,2.2 1.25
174.1,` 22.6 20.0           11.3 10.0,4.5 1.25 1.25 1.1
174.1,` 22.6 20.0 15.9      11.3     ,2.2
174.3,` 22.6 20.0      15.0      10.0,4.5
174.3,` 22.6 20.0 15.9           10.0,1.25 1.25 1.1
174.4,` 22.6 20.0      15.0      10.0,2.2 1.25 1.1
174.4,` 22.6 20.0 15.9      11.3     ,1.25 1.1
174.5,` 22.6 20.0           11.3 10.0,5.0 2.2 1.1
174.5,` 22.6 20.0      15.0 11.3     ,2.2 1.1
174.7,` 22.6 20.0      15.0      10.0,2.2 1.25 1.25
174.7,` 22.6 20.0 15.9      11.3     ,1.25 1.25
174.8,` 22.6 20.0           11.3 10.0,5.0 2.2 1.25
174.8,` 22.6 20.0      15.0 11.3     ,2.2 1.25
175.1,` 22.6 20.0           11.3 10.0,5.0 1.25 1.25 1.1
175.1,` 22.6 20.0      15.0 11.3     ,1.25 1.25 1.1
175.2,` 22.6 20.0 15.9               ,5.0 4.5 2.2 1.25 1.1
175.3,` 22.6 20.0      15.0      10.0,5.0
175.5,` 22.6 20.0 15.9               ,5.0 4.5 2.2 1.25 1.25
175.9,` 22.6 20.0      15.0          ,5.0 4.5 2.2 1.25 1.25 1.1
176.1,` 22.6 20.0 15.9           10.0,4.5
176.2,` 22.6 20.0 15.9           10.0,2.2 1.25 1.1
176.3,` 22.6 20.0           11.3 10.0,4.5 2.2 1.25 1.25
176.3,` 22.6 20.0 15.9      11.3     ,2.2 1.1
176.5,` 22.6 20.0      15.0      10.0,4.5 1.1
176.5,` 22.6 20.0 15.9           10.0,2.2 1.25 1.25
176.6,` 22.6 20.0 15.9      11.3     ,2.2 1.25
176.8,` 22.6 20.0      15.0      10.0,4.5 1.25
176.9,` 22.6 20.0           11.3 10.0,5.0 4.5
176.9,` 22.6 20.0      15.0      10.0,2.2 1.25 1.25 1.1
176.9,` 22.6 20.0      15.0 11.3     ,4.5
176.9,` 22.6 20.0 15.9      11.3     ,1.25 1.25 1.1
177.0,` 22.6 20.0      15.0 11.3     ,2.2 1.25 1.1
177.1,` 22.6 20.0 15.9           10.0,5.0
177.1,` 22.6 20.0 15.9 15.0          ,
177.3,` 22.6 20.0           11.3 10.0,5.0 2.2 1.25 1.25
177.3,` 22.6 20.0      15.0 11.3     ,2.2 1.25 1.25
177.5,` 22.6 20.0      15.0      10.0,5.0 1.1
177.7,` 22.6 20.0 15.9               ,5.0 4.5 2.2 1.25 1.25 1.1
177.8,` 22.6 20.0      15.0      10.0,5.0 1.25
177.9,` 22.6 20.0           11.3 10.0 10.0,
177.9,` 22.6 20.0      15.0 11.3     ,5.0
178.3,` 22.6 20.0 15.9           10.0,4.5 1.1
178.6,` 22.6 20.0 15.9           10.0,4.5 1.25
178.7,` 22.6 20.0      15.0      10.0,4.5 2.2
178.7,` 22.6 20.0 15.9           10.0,2.2 1.25 1.25 1.1
178.7,` 22.6 20.0 15.9      11.3     ,4.5
178.8,` 22.6 20.0 15.9      11.3     ,2.2 1.25 1.1
179.0,` 22.6 20.0      15.0      10.0,4.5 1.25 1.1
179.1,` 22.6 20.0           11.3 10.0,5.0 4.5 1.1
179.1,` 22.6 20.0      15.0 11.3     ,4.5 1.1
179.1,` 22.6 20.0 15.9      11.3     ,2.2 1.25 1.25
179.3,` 22.6 20.0      15.0      10.0,4.5 1.25 1.25
179.3,` 22.6 20.0 15.9           10.0,5.0 1.1
179.3,` 22.6 20.0 15.9 15.0          ,1.1
179.4,` 22.6 20.0           11.3 10.0,5.0 4.5 1.25
179.4,` 22.6 20.0      15.0 11.3     ,4.5 1.25
179.5,` 22.6 20.0      15.0 11.3     ,2.2 1.25 1.25 1.1
179.6,` 22.6 20.0 15.9           10.0,5.0 1.25
179.6,` 22.6 20.0 15.9 15.0          ,1.25
179.7,` 22.6 20.0      15.0      10.0,5.0 2.2
179.7,` 22.6 20.0 15.9      11.3     ,5.0
180.0,` 22.6 20.0      15.0      10.0,5.0 1.25 1.1
180.1,` 22.6 20.0           11.3 10.0 10.0,1.1
180.1,` 22.6 20.0      15.0 11.3     ,5.0 1.1
180.3,` 22.6 20.0      15.0      10.0,5.0 1.25 1.25
180.4,` 22.6 20.0           11.3 10.0 10.0,1.25
180.4,` 22.6 20.0      15.0 11.3     ,5.0 1.25
180.5,` 22.6 20.0 15.9           10.0,4.5 2.2
180.8,` 22.6 20.0 15.9           10.0,4.5 1.25 1.1
180.9,` 22.6 20.0      15.0      10.0,4.5 2.2 1.1
180.9,` 22.6 20.0 15.9      11.3     ,4.5 1.1
181.1,` 22.6 20.0 15.9           10.0,4.5 1.25 1.25
181.2,` 22.6 20.0      15.0      10.0,4.5 2.2 1.25
181.2,` 22.6 20.0 15.9      11.3     ,4.5 1.25
181.3,` 22.6 20.0           11.3 10.0,5.0 4.5 2.2
181.3,` 22.6 20.0      15.0 11.3     ,4.5 2.2
181.3,` 22.6 20.0 15.9      11.3     ,2.2 1.25 1.25 1.1
181.5,` 22.6 20.0      15.0      10.0,4.5 1.25 1.25 1.1
181.5,` 22.6 20.0 15.9           10.0,5.0 2.2
181.5,` 22.6 20.0 15.9 15.0          ,2.2
181.6,` 22.6 20.0      15.0 11.3     ,4.5 1.25 1.1
181.8,` 22.6 20.0 15.9           10.0,5.0 1.25 1.1
181.8,` 22.6 20.0 15.9 15.0          ,1.25 1.1
181.9,` 22.6 20.0           11.3 10.0,5.0 4.5 1.25 1.25
181.9,` 22.6 20.0      15.0      10.0,5.0 2.2 1.1
181.9,` 22.6 20.0      15.0 11.3     ,4.5 1.25 1.25
181.9,` 22.6 20.0 15.9      11.3     ,5.0 1.1
182.1,` 22.6 20.0 15.9           10.0,5.0 1.25 1.25
182.1,` 22.6 20.0 15.9 15.0          ,1.25 1.25
182.2,` 22.6 20.0      15.0      10.0,5.0 2.2 1.25
182.2,` 22.6 20.0 15.9      11.3     ,5.0 1.25
182.3,` 22.6 20.0           11.3 10.0 10.0,2.2
182.3,` 22.6 20.0      15.0 11.3     ,5.0 2.2
182.5,` 22.6 20.0      15.0      10.0,5.0 1.25 1.25 1.1
182.6,` 22.6 20.0      15.0 11.3     ,5.0 1.25 1.1
182.7,` 22.6 20.0 15.9           10.0,4.5 2.2 1.1
182.9,` 22.6 20.0      15.0 11.3     ,5.0 1.25 1.25
183.0,` 22.6 20.0 15.9           10.0,4.5 2.2 1.25
183.1,` 22.6 20.0 15.9      11.3     ,4.5 2.2
183.3,` 22.6 20.0 15.9           10.0,4.5 1.25 1.25 1.1
183.4,` 22.6 20.0 15.9      11.3     ,4.5 1.25 1.1
183.5,` 22.6 20.0      15.0 11.3     ,4.5 2.2 1.1
183.7,` 22.6 20.0      15.0      10.0,4.5 2.2 1.25 1.25
183.7,` 22.6 20.0 15.9           10.0,5.0 2.2 1.1
183.7,` 22.6 20.0 15.9      11.3     ,4.5 1.25 1.25
183.7,` 22.6 20.0 15.9 15.0          ,2.2 1.1
183.8,` 22.6 20.0      15.0 11.3     ,4.5 2.2 1.25
184.0,` 22.6 20.0 15.9           10.0,5.0 2.2 1.25
184.0,` 22.6 20.0 15.9 15.0          ,2.2 1.25
184.1,` 22.6 20.0      15.0 11.3     ,4.5 1.25 1.25 1.1
184.1,` 22.6 20.0 15.9      11.3     ,5.0 2.2
184.3,` 22.6 20.0      15.0      10.0,5.0 4.5
184.3,` 22.6 20.0 15.9           10.0,5.0 1.25 1.25 1.1
184.3,` 22.6 20.0 15.9 15.0          ,1.25 1.25 1.1
184.4,` 22.6 20.0 15.9      11.3     ,5.0 1.25 1.1
184.5,` 22.6 20.0      15.0 11.3     ,5.0 2.2 1.1
184.7,` 22.6 20.0      15.0      10.0,5.0 2.2 1.25 1.25
184.7,` 22.6 20.0 15.9      11.3     ,5.0 1.25 1.25
184.8,` 22.6 20.0      15.0 11.3     ,5.0 2.2 1.25
185.1,` 22.6 20.0      15.0 11.3     ,5.0 1.25 1.25 1.1
185.3,` 22.6 20.0      15.0      10.0 10.0,
185.3,` 22.6 20.0 15.9      11.3     ,4.5 2.2 1.1
185.5,` 22.6 20.0 15.9           10.0,4.5 2.2 1.25 1.25
185.6,` 22.6 20.0 15.9      11.3     ,4.5 2.2 1.25
185.9,` 22.6 20.0 15.9      11.3     ,4.5 1.25 1.25 1.1
186.1,` 22.6 20.0 15.9           10.0,5.0 4.5
186.1,` 22.6 20.0 15.9 15.0          ,4.5
186.2,` 22.6 20.0 15.9 15.0          ,2.2 1.25 1.1
186.3,` 22.6 20.0      15.0 11.3     ,4.5 2.2 1.25 1.25
186.3,` 22.6 20.0 15.9      11.3     ,5.0 2.2 1.1
186.5,` 22.6 20.0      15.0      10.0,5.0 4.5 1.1
186.5,` 22.6 20.0 15.9           10.0,5.0 2.2 1.25 1.25
186.5,` 22.6 20.0 15.9 15.0          ,2.2 1.25 1.25
186.6,` 22.6 20.0 15.9      11.3     ,5.0 2.2 1.25
186.8,` 22.6 20.0      15.0      10.0,5.0 4.5 1.25
186.9,` 22.6 20.0           11.3 10.0 10.0,4.5
186.9,` 22.6 20.0      15.0 11.3     ,5.0 4.5
186.9,` 22.6 20.0 15.9      11.3     ,5.0 1.25 1.25 1.1
187.1,` 22.6 20.0 15.9           10.0 10.0,
187.1,` 22.6 20.0 15.9 15.0          ,5.0
187.3,` 22.6 20.0      15.0 11.3     ,5.0 2.2 1.25 1.25
187.5,` 22.6 20.0      15.0      10.0 10.0,1.1
187.8,` 22.6 20.0      15.0      10.0 10.0,1.25
187.9,` 22.6 20.0      15.0 11.3 10.0,
188.1,` 22.6 20.0 15.9      11.3     ,4.5 2.2 1.25 1.25
188.3,` 22.6 20.0 15.9           10.0,5.0 4.5 1.1
188.3,` 22.6 20.0 15.9 15.0          ,4.5 1.1
188.6,` 22.6 20.0 15.9           10.0,5.0 4.5 1.25
188.6,` 22.6 20.0 15.9 15.0          ,4.5 1.25
188.7,` 22.6 20.0      15.0      10.0,5.0 4.5 2.2
188.7,` 22.6 20.0 15.9      11.3     ,5.0 4.5
188.7,` 22.6 20.0 15.9 15.0          ,2.2 1.25 1.25 1.1
189.1,` 22.6 20.0      15.0 11.3     ,5.0 4.5 1.1
189.1,` 22.6 20.0 15.9      11.3     ,5.0 2.2 1.25 1.25
189.3,` 22.6 20.0      15.0      10.0,5.0 4.5 1.25 1.25
189.3,` 22.6 20.0 15.9           10.0 10.0,1.1
189.3,` 22.6 20.0 15.9 15.0          ,5.0 1.1
189.4,` 22.6 20.0      15.0 11.3     ,5.0 4.5 1.25
189.6,` 22.6 20.0 15.9           10.0 10.0,1.25
189.6,` 22.6 20.0 15.9 15.0          ,5.0 1.25
189.7,` 22.6 20.0      15.0      10.0 10.0,2.2
189.7,` 22.6 20.0 15.9      11.3 10.0,
190.1,` 22.6 20.0      15.0 11.3 10.0,1.1
190.4,` 22.6 20.0      15.0 11.3 10.0,1.25
190.5,` 22.6 20.0 15.9           10.0,5.0 4.5 2.2
190.5,` 22.6 20.0 15.9 15.0          ,4.5 2.2
190.8,` 22.6 20.0 15.9 15.0          ,4.5 1.25 1.1
190.9,` 22.6 20.0 15.9      11.3     ,5.0 4.5 1.1
191.1,` 22.6 20.0 15.9           10.0,5.0 4.5 1.25 1.25
191.1,` 22.6 20.0 15.9 15.0          ,4.5 1.25 1.25
191.2,` 22.6 20.0 15.9      11.3     ,5.0 4.5 1.25
191.3,` 22.6 20.0      15.0 11.3     ,5.0 4.5 2.2
191.5,` 22.6 20.0 15.9           10.0 10.0,2.2
191.5,` 22.6 20.0 15.9 15.0          ,5.0 2.2
191.8,` 22.6 20.0 15.9 15.0          ,5.0 1.25 1.1
191.9,` 22.6 20.0      15.0 11.3     ,5.0 4.5 1.25 1.25
191.9,` 22.6 20.0 15.9      11.3 10.0,1.1
192.1,` 22.6 20.0 15.9 15.0          ,5.0 1.25 1.25
192.2,` 22.6 20.0 15.9      11.3 10.0,1.25
192.3,` 22.6 20.0      15.0 11.3 10.0,2.2
192.7,` 22.6 20.0 15.9 15.0          ,4.5 2.2 1.1
193.0,` 22.6 20.0 15.9 15.0          ,4.5 2.2 1.25
193.1,` 22.6 20.0 15.9      11.3     ,5.0 4.5 2.2
193.3,` 22.6 20.0 15.9 15.0          ,4.5 1.25 1.25 1.1
193.7,` 22.6 20.0 15.9      11.3     ,5.0 4.5 1.25 1.25
193.7,` 22.6 20.0 15.9 15.0          ,5.0 2.2 1.1
194.0,` 22.6 20.0 15.9 15.0          ,5.0 2.2 1.25
194.1,` 22.6 20.0 15.9      11.3 10.0,2.2
194.3,` 22.6 20.0      15.0      10.0 10.0,4.5
194.3,` 22.6 20.0 15.9 15.0          ,5.0 1.25 1.25 1.1
195.5,` 22.6 20.0 15.9 15.0          ,4.5 2.2 1.25 1.25
196.1,` 22.6 20.0 15.9           10.0 10.0,4.5
196.1,` 22.6 20.0 15.9 15.0          ,5.0 4.5
196.5,` 22.6 20.0 15.9 15.0          ,5.0 2.2 1.25 1.25
196.9,` 22.6 20.0      15.0 11.3 10.0,4.5
197.1,` 22.6 20.0 15.9 15.0      10.0,
197.9,` 22.6 20.0      15.0 11.3 10.0,5.0
198.3,` 22.6 20.0 15.9 15.0          ,5.0 4.5 1.1
198.6,` 22.6 20.0 15.9 15.0          ,5.0 4.5 1.25
198.7,` 22.6 20.0 15.9      11.3 10.0,4.5
199.3,` 22.6 20.0 15.9 15.0      10.0,1.1
199.6,` 22.6 20.0 15.9 15.0      10.0,1.25
199.7,` 22.6 20.0 15.9      11.3 10.0,5.0
199.7,` 22.6 20.0 15.9 15.0 11.3     ,
200.5,` 22.6 20.0 15.9 15.0          ,5.0 4.5 2.2
201.1,` 22.6 20.0 15.9 15.0          ,5.0 4.5 1.25 1.25
201.5,` 22.6 20.0 15.9 15.0      10.0,2.2
201.9,` 22.6 20.0 15.9 15.0 11.3     ,1.1
202.2,` 22.6 20.0 15.9 15.0 11.3     ,1.25
204.1,` 22.6 20.0 15.9 15.0 11.3     ,2.2
206.1,` 22.6 20.0 15.9 15.0      10.0,4.5
207.1,` 22.6 20.0 15.9 15.0      10.0,5.0
207.9,` 22.6 20.0      15.0 11.3 10.0 10.0,
208.7,` 22.6 20.0 15.9 15.0 11.3     ,4.5
209.7,` 22.6 20.0 15.9      11.3 10.0 10.0,
209.7,` 22.6 20.0 15.9 15.0 11.3     ,5.0
217.1,` 22.6 20.0 15.9 15.0      10.0 10.0,
219.7,` 22.6 20.0 15.9 15.0 11.3 10.0,
